{"accuracy": 0.7871621621621622, "confusion_matrix": [[26, 9, 0, 0, 5, 2, 2], [1, 37, 0, 0, 4, 1, 0], [1, 0, 29, 2, 0, 2, 8], [1, 0, 0, 38, 0, 0, 4], [0, 5, 0, 0, 31, 2, 4], [0, 0, 0, 1, 0, 39, 0], [1, 0, 0, 2, 5, 1, 33]], "classification_report": {"anger": {"precision": 0.8666666666666667, "recall": 0.5909090909090909, "f1-score": 0.7027027027027027, "support": 44.0}, "fear": {"precision": 0.7254901960784313, "recall": 0.8604651162790697, "f1-score": 0.7872340425531915, "support": 43.0}, "joy": {"precision": 1.0, "recall": 0.6904761904761905, "f1-score": 0.8169014084507042, "support": 42.0}, "netral": {"precision": 0.8837209302325582, "recall": 0.8837209302325582, "f1-score": 0.8837209302325582, "support": 43.0}, "sadness": {"precision": 0.6888888888888889, "recall": 0.7380952380952381, "f1-score": 0.7126436781609196, "support": 42.0}, "shock": {"precision": 0.8297872340425532, "recall": 0.975, "f1-score": 0.896551724137931, "support": 40.0}, "trust": {"precision": 0.6470588235294118, "recall": 0.7857142857142857, "f1-score": 0.7096774193548387, "support": 42.0}, "accuracy": 0.7871621621621622, "macro avg": {"precision": 0.8059446770626444, "recall": 0.7891972645294903, "f1-score": 0.7870617007989779, "support": 296.0}, "weighted avg": {"precision": 0.8061848143512723, "recall": 0.7871621621621622, "f1-score": 0.7860790438000501, "support": 296.0}}}