{"accuracy": 0.16470588235294117, "confusion_matrix": [[0, 44, 0, 0, 0, 0], [0, 42, 0, 0, 0, 0], [0, 42, 0, 0, 0, 0], [0, 42, 0, 0, 0, 0], [0, 42, 0, 0, 0, 0], [0, 43, 0, 0, 0, 0]], "classification_report": {"marah": {"precision": 0.0, "recall": 0.0, "f1-score": 0.0, "support": 44.0}, "netral": {"precision": 0.16470588235294117, "recall": 1.0, "f1-score": 0.2828282828282828, "support": 42.0}, "percaya": {"precision": 0.0, "recall": 0.0, "f1-score": 0.0, "support": 42.0}, "sedih": {"precision": 0.0, "recall": 0.0, "f1-score": 0.0, "support": 42.0}, "senang": {"precision": 0.0, "recall": 0.0, "f1-score": 0.0, "support": 42.0}, "takut": {"precision": 0.0, "recall": 0.0, "f1-score": 0.0, "support": 43.0}, "accuracy": 0.16470588235294117, "macro avg": {"precision": 0.027450980392156862, "recall": 0.16666666666666666, "f1-score": 0.04713804713804714, "support": 255.0}, "weighted avg": {"precision": 0.0271280276816609, "recall": 0.16470588235294117, "f1-score": 0.046583481877599524, "support": 255.0}}}