{"accuracy": 0.7774294670846394, "confusion_matrix": [[30, 8, 3, 3, 6, 5], [3, 46, 0, 0, 3, 2], [0, 0, 47, 1, 0, 4], [0, 0, 3, 44, 1, 5], [1, 6, 0, 0, 42, 3], [0, 1, 2, 8, 3, 39]], "classification_report": {"anger": {"precision": 0.8823529411764706, "recall": 0.5454545454545454, "f1-score": 0.6741573033707865, "support": 55.0}, "fear": {"precision": 0.7540983606557377, "recall": 0.8518518518518519, "f1-score": 0.8, "support": 54.0}, "joy": {"precision": 0.8545454545454545, "recall": 0.9038461538461539, "f1-score": 0.8785046728971962, "support": 52.0}, "netral": {"precision": 0.7857142857142857, "recall": 0.8301886792452831, "f1-score": 0.8073394495412844, "support": 53.0}, "sadness": {"precision": 0.7636363636363637, "recall": 0.8076923076923077, "f1-score": 0.7850467289719626, "support": 52.0}, "trust": {"precision": 0.6724137931034483, "recall": 0.7358490566037735, "f1-score": 0.7027027027027027, "support": 53.0}, "accuracy": 0.7774294670846394, "macro avg": {"precision": 0.7854601998052934, "recall": 0.7791470991156525, "f1-score": 0.7746251429139889, "support": 319.0}, "weighted avg": {"precision": 0.7858212099150789, "recall": 0.7774294670846394, "f1-score": 0.7737164848010059, "support": 319.0}}}