{"accuracy": 0.7785234899328859, "confusion_matrix": [[29, 5, 0, 0, 4, 3, 3], [2, 37, 0, 1, 2, 1, 0], [0, 0, 29, 1, 0, 4, 9], [2, 0, 1, 36, 1, 3, 3], [1, 2, 2, 1, 32, 1, 3], [1, 0, 0, 1, 0, 36, 0], [1, 0, 0, 4, 4, 0, 33]], "classification_report": {"anger": {"precision": 0.8055555555555556, "recall": 0.6590909090909091, "f1-score": 0.7250000000000001, "support": 44.0}, "fear": {"precision": 0.8409090909090909, "recall": 0.8604651162790697, "f1-score": 0.8505747126436781, "support": 43.0}, "joy": {"precision": 0.90625, "recall": 0.6744186046511628, "f1-score": 0.7733333333333334, "support": 43.0}, "netral": {"precision": 0.8181818181818182, "recall": 0.782608695652174, "f1-score": 0.8, "support": 46.0}, "sadness": {"precision": 0.7441860465116279, "recall": 0.7619047619047619, "f1-score": 0.7529411764705882, "support": 42.0}, "shock": {"precision": 0.75, "recall": 0.9473684210526315, "f1-score": 0.8372093023255814, "support": 38.0}, "trust": {"precision": 0.6470588235294118, "recall": 0.7857142857142857, "f1-score": 0.7096774193548386, "support": 42.0}, "accuracy": 0.7785234899328859, "macro avg": {"precision": 0.787448762098215, "recall": 0.7816529706207135, "f1-score": 0.7783908491611458, "support": 298.0}, "weighted avg": {"precision": 0.7890635353410157, "recall": 0.7785234899328859, "f1-score": 0.7777583237921193, "support": 298.0}}}