{"accuracy": 0.7558528428093646, "confusion_matrix": [[28, 4, 2, 3, 4, 1, 2], [2, 35, 0, 2, 3, 1, 0], [0, 0, 27, 5, 0, 4, 7], [0, 1, 2, 36, 1, 1, 5], [1, 5, 0, 2, 31, 0, 3], [0, 0, 0, 1, 0, 38, 0], [1, 1, 0, 7, 2, 0, 31]], "classification_report": {"anger": {"precision": 0.875, "recall": 0.6363636363636364, "f1-score": 0.7368421052631579, "support": 44.0}, "fear": {"precision": 0.7608695652173914, "recall": 0.813953488372093, "f1-score": 0.7865168539325844, "support": 43.0}, "joy": {"precision": 0.8709677419354839, "recall": 0.627906976744186, "f1-score": 0.7297297297297297, "support": 43.0}, "netral": {"precision": 0.6428571428571429, "recall": 0.782608695652174, "f1-score": 0.7058823529411765, "support": 46.0}, "sadness": {"precision": 0.7560975609756098, "recall": 0.7380952380952381, "f1-score": 0.746987951807229, "support": 42.0}, "shock": {"precision": 0.8444444444444444, "recall": 0.9743589743589743, "f1-score": 0.9047619047619048, "support": 39.0}, "trust": {"precision": 0.6458333333333334, "recall": 0.7380952380952381, "f1-score": 0.6888888888888889, "support": 42.0}, "accuracy": 0.7558528428093646, "macro avg": {"precision": 0.7708671126804864, "recall": 0.7587688925259343, "f1-score": 0.7570871124749531, "support": 299.0}, "weighted avg": {"precision": 0.7694142597769604, "recall": 0.7558528428093646, "f1-score": 0.7547919249475044, "support": 299.0}}}