{"accuracy": 0.7336814621409922, "confusion_matrix": [[46, 1, 7, 4, 2, 6], [1, 52, 8, 0, 3, 0], [4, 9, 39, 6, 5, 0], [6, 2, 5, 42, 1, 7], [0, 2, 8, 1, 50, 1], [6, 3, 2, 2, 0, 52]], "classification_report": {"marah": {"precision": 0.7301587301587301, "recall": 0.696969696969697, "f1-score": 0.7131782945736435, "support": 66.0}, "netral": {"precision": 0.7536231884057971, "recall": 0.8125, "f1-score": 0.7819548872180451, "support": 64.0}, "percaya": {"precision": 0.5652173913043478, "recall": 0.6190476190476191, "f1-score": 0.5909090909090909, "support": 63.0}, "sedih": {"precision": 0.7636363636363637, "recall": 0.6666666666666666, "f1-score": 0.711864406779661, "support": 63.0}, "senang": {"precision": 0.819672131147541, "recall": 0.8064516129032258, "f1-score": 0.8130081300813008, "support": 62.0}, "takut": {"precision": 0.7878787878787878, "recall": 0.8, "f1-score": 0.7938931297709924, "support": 65.0}, "accuracy": 0.7336814621409922, "macro avg": {"precision": 0.7366977654219279, "recall": 0.733605932597868, "f1-score": 0.7341346565554555, "support": 383.0}, "weighted avg": {"precision": 0.7367413581017774, "recall": 0.7336814621409922, "f1-score": 0.7342014832333208, "support": 383.0}}}