{"accuracy": 0.1671018276762402, "confusion_matrix": [[0, 66, 0, 0, 0, 0], [0, 64, 0, 0, 0, 0], [0, 63, 0, 0, 0, 0], [0, 63, 0, 0, 0, 0], [0, 62, 0, 0, 0, 0], [0, 65, 0, 0, 0, 0]], "classification_report": {"marah": {"precision": 0.0, "recall": 0.0, "f1-score": 0.0, "support": 66.0}, "netral": {"precision": 0.1671018276762402, "recall": 1.0, "f1-score": 0.28635346756152125, "support": 64.0}, "percaya": {"precision": 0.0, "recall": 0.0, "f1-score": 0.0, "support": 63.0}, "sedih": {"precision": 0.0, "recall": 0.0, "f1-score": 0.0, "support": 63.0}, "senang": {"precision": 0.0, "recall": 0.0, "f1-score": 0.0, "support": 62.0}, "takut": {"precision": 0.0, "recall": 0.0, "f1-score": 0.0, "support": 65.0}, "accuracy": 0.1671018276762402, "macro avg": {"precision": 0.0278503046127067, "recall": 0.16666666666666666, "f1-score": 0.047725577926920205, "support": 383.0}, "weighted avg": {"precision": 0.02792302081273988, "recall": 0.1671018276762402, "f1-score": 0.04785018779095916, "support": 383.0}}}